[{"id":"62814622392081@s.whatsapp.net","uang":101956},{"id":"62813276942000@s.whatsapp.net","uang":5775},{"id":"6283139989451@s.whatsapp.net","uang":393},{"id":"6289636500564@s.whatsapp.net","uang":189},{"id":"6289635840104@s.whatsapp.net","uang":1505},{"id":"6287868888296@s.whatsapp.net","uang":837},{"id":"6285601981577@s.whatsapp.net","uang":3121},{"id":"6285367278531@s.whatsapp.net","uang":382},{"id":"62895635326798@s.whatsapp.net","uang":0},{"id":"6289616624041@s.whatsapp.net","uang":658},{"id":"6283807588767@s.whatsapp.net","uang":16350},{"id":"62813276942007@s.whatsapp.net","uang":99},{"id":"6285757196481@s.whatsapp.net","uang":12181},{"id":"6282299058553@s.whatsapp.net","uang":843},{"id":"6288276689576@s.whatsapp.net","uang":4438},{"id":"6283833271665@s.whatsapp.net","uang":4164},{"id":"628979385898@s.whatsapp.net","uang":91},{"id":"6281223057550@s.whatsapp.net","uang":1977},{"id":"6285733199517@s.whatsapp.net","uang":477},{"id":"6281549167251@s.whatsapp.net","uang":190},{"id":"6283804370044@s.whatsapp.net","uang":0},{"id":"6288212411466@s.whatsapp.net","uang":850},{"id":"6287796552221@s.whatsapp.net","uang":1060},{"id":"6285718099455@s.whatsapp.net","uang":291},{"id":"6285856195332@s.whatsapp.net","uang":99},{"id":"6287800103763@s.whatsapp.net","uang":96},{"id":"6281312471849@s.whatsapp.net","uang":1037},{"id":"6285859702635@s.whatsapp.net","uang":1141},{"id":"6288297981576@s.whatsapp.net","uang":756},{"id":"6283829149523@s.whatsapp.net","uang":7772},{"id":"62887435927903@s.whatsapp.net","uang":578},{"id":"6285860985038@s.whatsapp.net","uang":277},{"id":"6282180158800@s.whatsapp.net","uang":90},{"id":"6289691183687@s.whatsapp.net","uang":275},{"id":"6282277247405@s.whatsapp.net","uang":2181},{"id":"6281281853862@s.whatsapp.net","uang":180},{"id":"6281227825649@s.whatsapp.net","uang":5739},{"id":"628990542731@s.whatsapp.net","uang":1130},{"id":"6282296532856@s.whatsapp.net","uang":93},{"id":"6282296532856@s.whatsapp.net","uang":1992},{"id":"6283839419665@s.whatsapp.net","uang":772},{"id":"916398738818@s.whatsapp.net","uang":2368},{"id":"628567418110@s.whatsapp.net","uang":7932},{"id":"6285820284443@s.whatsapp.net","uang":1893},{"id":"6281210618215@s.whatsapp.net","uang":276},{"id":"6285604066155@s.whatsapp.net","uang":2087},{"id":"628980019716@s.whatsapp.net","uang":374},{"id":"6283846285569@s.whatsapp.net","uang":99},{"id":"6283846285569@s.whatsapp.net","uang":1120},{"id":"628988554724@s.whatsapp.net","uang":662433429},{"id":"6285777633536@s.whatsapp.net","uang":573},{"id":"6281266265300@s.whatsapp.net","uang":385},{"id":"6285865957024@s.whatsapp.net","uang":184},{"id":"6285790307297@s.whatsapp.net","uang":0}]