[{"id":"62814622392081@s.whatsapp.net","name":"Riu","age":"17","time":"09/04 13:55:07","serial":"e740244796b05d483ebe"},{"id":"62813276942000@s.whatsapp.net","name":"Gatsu","age":"18","time":"09/04 14:21:10","serial":"9cbd3529da6f778e114f"},{"id":"6283139989451@s.whatsapp.net","name":"noval ","age":" 14","time":"09/04 14:27:33","serial":"fb522185bd6d0af9b55e"},{"id":"6289636500564@s.whatsapp.net","name":"nohi","age":"18","time":"09/04 14:41:13","serial":"78c271edc5d218170dc7"},{"id":"6289635840104@s.whatsapp.net","name":"kepo","age":"17","time":"09/04 14:43:04","serial":"46c4cea9ccb18b1d2f46"},{"id":"6287868888296@s.whatsapp.net","name":"IndoDeeterGames","age":"12","time":"09/04 16:01:38","serial":"fddb290268b18e97b1d9"},{"id":"6285601981577@s.whatsapp.net","name":"agus","age":"18","time":"09/04 16:03:23","serial":"ba638268e2427238033e"},{"id":"6285367278531@s.whatsapp.net","name":"vinz","age":"18","time":"09/04 16:04:07","serial":"2ec1db4e559ae6503066"},{"id":"62895635326798@s.whatsapp.net","name":"hendra","age":"16","time":"09/04 16:16:28","serial":"4f566d73b85d0d5bcd1b"},{"id":"6289616624041@s.whatsapp.net","name":"Fahri akbar","age":"12","time":"09/04 16:17:37","serial":"51da59a5b19cad49bc91"},{"id":"6283807588767@s.whatsapp.net","name":"Rein","age":"18","time":"09/04 16:18:56","serial":"24e7e9db5a8ce741b96a"},{"id":"62813276942007@s.whatsapp.net","name":"keis","age":"19","time":"09/04 16:22:51","serial":"bb156a6b042f8c771c21"},{"id":"6285757196481@s.whatsapp.net","name":"iabdis","age":"18","time":"09/04 16:55:40","serial":"4b489a099df7ca68170e"},{"id":"6282299058553@s.whatsapp.net","name":"ogiwara","age":"18","time":"09/04 17:09:01","serial":"a95693d8fc7658b43c7f"},{"id":"6288276689576@s.whatsapp.net","name":"darki","age":"16","time":"09/04 17:11:32","serial":"8332aa6718d2debf8422"},{"id":"6283833271665@s.whatsapp.net","name":"Nama","age":"18","time":"09/04 17:13:28","serial":"fb56b6411bcdafd6ca8a"},{"id":"6281223057550@s.whatsapp.net","name":"fatur","age":"13","time":"09/04 19:54:28","serial":"7ac9a1965e4bbd94af84"},{"id":"628979385898@s.whatsapp.net","name":"fatur","age":"14","time":"09/04 19:54:27","serial":"439e3d7963234ff02047"},{"id":"6285733199517@s.whatsapp.net","name":"Kevin","age":"15","time":"09/04 20:07:54","serial":"a70829fe9d41b9b78a16"},{"id":"6281549167251@s.whatsapp.net","name":"Noname","age":" 16","time":"09/04 20:10:10","serial":"3606577732cbbbd28d7a"},{"id":"6283804370044@s.whatsapp.net","name":"allexaa","age":"12","time":"09/04 21:47:56","serial":"2385cbd7e40a903d9394"},{"id":"6288212411466@s.whatsapp.net","name":"NAMA","age":"30","time":"09/04 22:54:59","serial":"4e583517837854092bbe"},{"id":"6287796552221@s.whatsapp.net","name":"nama","age":"19","time":"09/04 23:49:05","serial":"ec318eeea816d7946987"},{"id":"6285718099455@s.whatsapp.net","name":"amalia","age":"16","time":"09/04 23:52:47","serial":"6ce83bacb3d1bf45669c"},{"id":"6285856195332@s.whatsapp.net","name":"eren","age":"19","time":"09/04 23:53:12","serial":"be611ea75f3589e2611b"},{"id":"6287800103763@s.whatsapp.net","name":"Fudo","age":"17","time":"09/04 23:53:28","serial":"199a90efcc7b0c6f2fa0"},{"id":"6281312471849@s.whatsapp.net","name":"ulang","age":"16","time":"10/04 09:26:21","serial":"50e21362e2fad3187707"},{"id":"6285859702635@s.whatsapp.net","name":"sixz","age":"30","time":"10/04 09:35:01","serial":"4df35e68938f6f952e76"},{"id":"6288297981576@s.whatsapp.net","name":"satria","age":"16","time":"10/04 09:45:43","serial":"9f16f2a98bafda3478a9"},{"id":"6283829149523@s.whatsapp.net","name":"nsbj","age":"19","time":"10/04 09:49:31","serial":"fbb7f0b32d64fd4186ee"},{"id":"62887435927903@s.whatsapp.net","name":"sarkas","age":"17","time":"10/04 09:56:13","serial":"8e2d63062322327769e6"},{"id":"6285860985038@s.whatsapp.net","name":"OBBPHY","age":"17","time":"10/04 09:56:16","serial":"bb923aeda3ccb21662d8"},{"id":"6282180158800@s.whatsapp.net","name":"Ace","age":"17","time":"10/04 13:23:50","serial":"bf10ec6993381f47f045"},{"id":"6289691183687@s.whatsapp.net","name":"botasw","age":"15","time":"10/04 13:25:30","serial":"56421ed2906a0faf32f0"},{"id":"6282277247405@s.whatsapp.net","name":"test","age":"30","time":"10/04 13:29:10","serial":"a11b5d0b4514d351d2b5"},{"id":"6281281853862@s.whatsapp.net","name":"Royyan","age":"14","time":"10/04 13:58:58","serial":"dcb7cbb88da778eadcb2"},{"id":"6281227825649@s.whatsapp.net","name":"riuu","age":"12","time":"10/04 14:02:34","serial":"6ef9289fbd1d8f9af0e6"},{"id":"628990542731@s.whatsapp.net","name":"FDL","age":"19","time":"10/04 14:32:32","serial":"47df747bdd01b325bb15"},{"id":"6282296532856@s.whatsapp.net","name":"Fadel","age":"19","time":"10/04 14:47:22","serial":"5967cc9c4e0edaf3ce0d"},{"id":"6287738765094@s.whatsapp.net","name":"Bima","age":"18","time":"10/04 17:12:38","serial":"786726263043a0ba3bdd"},{"id":"6283839419665@s.whatsapp.net","name":"Y","age":"17","time":"18/04 06:10:10","serial":"7eeb205ce88303d0c68e"},{"id":"916398738818@s.whatsapp.net","name":"kakashi","age":"20","time":"19/04 00:06:54","serial":"29a33219ab5ba5a19da5"},{"id":"628567418110@s.whatsapp.net","name":"konz","age":"17","time":"19/04 04:18:44","serial":"2c763c9eca72b814634b"},{"id":"6285820284443@s.whatsapp.net","name":"...","age":"21","time":"19/04 12:47:02","serial":"2102ed2a34ef5f1d49b6"},{"id":"6281210618215@s.whatsapp.net","name":"H∆®p!π~~~","age":"23","time":"19/04 12:47:59","serial":"c436e00445aa93bbfc34"},{"id":"6285604066155@s.whatsapp.net","name":"tay","age":"34","time":"19/04 14:56:56","serial":"1d63918c5234fe916f17"},{"id":"628980019716@s.whatsapp.net","name":"rico ","age":" 15","time":"19/04 15:14:26","serial":"0910a95cd1523d9f0df9"},{"id":"6283846285569@s.whatsapp.net","name":"faisal ","age":"14","time":"19/04 15:14:56","serial":"a719d6455da7b502a439"},{"id":"628988554724@s.whatsapp.net","name":"hs","age":"18","time":"29/04 12:53:49","serial":"70c989d1c14f45d59fd0"},{"id":"6285256605413@s.whatsapp.net","name":"Farhan","age":"18","time":"29/04 13:45:14","serial":"820f525ef2c0f9ee0e8b"},{"id":"6281266265300@s.whatsapp.net","name":"gerald","age":"15","time":"29/04 20:28:37","serial":"1af3d2ba0dd8ceb34590"},{"id":"6285777633536@s.whatsapp.net","name":"prinsa","age":"16","time":"29/04 20:28:45","serial":"67f4837636e10b2af39c"},{"id":"6285865957024@s.whatsapp.net","name":"rafli","age":"17","time":"30/04 22:01:45","serial":"917c74a29650f6d3c331"},{"id":"6285790307297@s.whatsapp.net","name":"Rafli","age":"18","time":"30/04 22:02:23","serial":"b081f4da7f1714eb073b"}]